species,alat,energy,order_d,led,status
N,1.3699838867187595,-1.3930629908584039e+29,0,3.5760249218174974e+29,False
N,1.3799838867187595,-5.003729061028808e+29,0,-5.678020286374593e+29,False
N,1.3899838867187595,-1.3854089870760688e+30,0,3.5531870007672795e+29,False
N,1.3999838867187595,-1.2426391224897389e+30,0,-5.4973049367993235e+29,False
N,1.4099838867187595,-5.495747827818973e+28,0,4.247198450586592e+29,False
N,1.4199838867187595,2.791984394634683e+30,0,6.957960163337195e+29,False
N,1.4299838867187595,5.211394598255793e+30,0,-7.84395768109953e+29,False
N,1.4399838867187595,4.96365995787482e+30,0,-7.979055477703061e+28,False
N,1.4499838867187596,3.831122120066527e+30,0,2.040770569858973e+29,False
N,1.4599838867187596,2.911702944031041e+30,0,-1.017007576596298e+28,False
N,1.4699838867187593,2.1401611729316688e+30,0,3.168607076911484e+27,False
N,1.4799838867187596,1.5125547758102848e+30,0,-1.427041163514264e+28,False
N,1.4899838867187594,1.0252204929915506e+30,0,1.3847189706134743e+28,False
N,1.4999838867187594,6.937854785443853e+29,0,-3.801754501699902e+26,False
N,1.5099838867187594,4.675448304711088e+29,0,-2.3770012057565744e+27,False
N,1.5199838867187594,3.1254472894425184e+29,0,1.4867893968469977e+27,False
N,1.5299838867187594,2.093013836055346e+29,0,-9.88642386328945e+26,False
N,1.5399838867187594,1.3853902633132778e+29,0,-1.5195951472995575e+25,False
N,1.5499838867187594,9.011064761373477e+28,0,-5.113842733147923e+26,False
N,1.5599838867187594,5.7066142242617666e+28,0,1.9698719666068037e+26,False
N,1.5699838867187594,3.5561133596759456e+28,0,-5.538040017639578e+25,False
N,1.5799838867187594,2.1788668003975235e+28,0,-9.684192207372498e+25,False
N,1.5899838867187595,1.3161137921076271e+28,0,4.109808371045983e+25,False
N,1.5999838867187595,7.977999532811633e+27,0,-2.25513299398862e+25,False
N,1.6099838867187595,4.8447212194258405e+27,0,-5.929850908413423e+25,False
N,1.6199838867187595,2.919372058921623e+27,0,2.7311997698873727e+25,False
N,1.6299838867187595,1.7773138474206038e+27,0,-3.24407745232755e+25,False
N,1.6399838867187595,1.0554100446584935e+27,0,1.6521439338496977e+24,False
N,1.6499838867187595,6.158977601783307e+26,0,-2.7065238644599693e+24,False
N,1.6599838867187595,3.517431061908312e+26,0,-1.9296626970971763e+24,False
N,1.6699838867187595,1.9655406117748515e+26,0,2.575183366639627e+23,False
N,1.6799838867187595,1.0834132670379811e+26,0,-1.6408381173206775e+24,False
N,1.6899838867187595,5.794035123670783e+25,0,-1.6870073407691463e+22,False
N,1.6999838867187596,3.055644016456807e+25,0,-2.98060938440543e+23,False
N,1.7099838867187596,1.5919727093224546e+25,0,-1.85138822605994e+23,False
N,1.7199838867187593,8.183953405568821e+24,0,-1.3979152498294938e+23,False
N,1.7299838867187596,4.138102630895041e+24,0,-3.337778463354766e+22,False
N,1.7399838867187594,2.0955675092639588e+24,0,-2.9054748524911153e+22,False
N,1.7499838867187596,1.0554008416052535e+24,0,-4.064731926067589e+22,False
N,1.7599838867187594,5.020487819162455e+23,0,-1.6479036717461385e+21,False
N,1.7699838867187594,2.3102234611242498e+23,0,-1.6268158557100227e+21,False
N,1.7799838867187594,1.0501349646339875e+23,0,-5.17319182487265e+21,False
N,1.7899838867187594,4.400771956241295e+22,0,-1.4994470398005818e+21,False
N,1.7999838867187594,1.552313119209294e+22,0,-7.562521970352215e+20,False
N,1.8099838867187594,3.571325375207515e+21,0,1.894563530113874e+20,False
N,1.8199838867187594,-3.393078641346352e+20,0,-5.238685744461128e+20,False
N,1.8299838867187594,-1.7410956826962344e+21,0,-1.4702585854152186e+20,False
N,1.8399838867187595,-2.0703443000431042e+21,0,9.127529592595568e+18,False
N,1.8499838867187595,-1.8105504452208396e+21,0,4.230090285257079e+19,False
N,1.8599838867187595,-1.3745565080039386e+21,0,-8.601250803445046e+19,False
N,1.8699838867187595,-1.0497853613402286e+21,0,2.9719290569925644e+19,False
N,1.8799838867187595,-7.444349442354411e+20,0,-3.450353770503711e+18,False
N,1.8899838867187595,-5.0355330995991373e+20,0,-5.733429890883073e+18,False
N,1.8999838867187595,-3.3072288262903634e+20,0,5.076732251970249e+18,False
N,1.9099838867187595,-2.0876257982627355e+20,0,-4.4883106142785644e+18,False
N,1.9199838867187595,-1.3412839194846254e+20,0,8.807770950237389e+17,False
N,1.9299838867187593,-8.64529886939918e+19,0,5.60349862698526e+17,False
N,1.9399838867187595,-5.5475582748472476e+19,0,-9828886366236672.0,False
N,1.9499838867187593,-3.575726721459585e+19,0,2.50836644735474e+17,False
N,1.9599838867187596,-2.3318916435942187e+19,0,-2.650884827134201e+17,False
N,1.9699838867187593,-1.5700159315178136e+19,0,1.757471177873896e+17,False
N,1.9799838867187596,-1.0454359445643913e+19,0,9.560088577018794e+16,False
N,1.9899838867187594,-6.739146007633824e+18,0,-340459345252053.3,False
N,1.9999838867187596,-4.2619310616719135e+18,0,-1.6400346092354132e+16,False
N,2.0099838867187594,-2.70630423389085e+18,0,-1.7038298770092714e+16,False
N,2.0199838867187596,-1.7340754721034345e+18,0,3.0357445846809556e+16,False
N,2.0299838867187594,-1.0836771223567263e+18,0,-4189440255763536.0,False
N,2.0399838867187596,-6.72393721552597e+17,0,-3082903221374877.0,False
N,2.0499838867187594,-4.142173223668759e+17,0,6722733343293800.0,False
N,2.0599838867187596,-2.4498413478393008e+17,0,-2097716993960218.5,False
N,2.0699838867187594,-1.4087194542491384e+17,0,2865714360483266.5,False
N,2.0799838867187592,-7.806371748800616e+16,0,-2235741984839138.2,False
N,2.0899838867187595,-4.533389271217174e+16,0,685757245435700.6,False
N,2.0999838867187597,-2.6854105214261584e+16,0,778773691109109.1,False
N,2.1099838867187595,-1.5607633398047774e+16,0,-197569874856806.25,False
N,2.1199838867187593,-9274856481609332.0,0,136994352644489.83,False
N,2.1299838867187595,-5560612350677569.0,0,143131355346.3333,False
N,2.1399838867187597,-3379616807776921.5,0,51940216301603.33,False
N,2.1499838867187595,-2034497456358013.0,0,-15338161142084.812,False
N,2.1599838867187593,-1214934912665578.0,0,32380257606873.594,False
N,2.1699838867187595,-686021507928846.0,0,-11091110878973.168,False
N,2.1799838867187598,-380290255214046.9,0,1316583383312.0286,False
N,2.1899838867187595,-203433303783170.94,0,5848368859392.482,False
N,2.1999838867187593,-100848604367807.77,0,-2826042292642.241,False
N,2.2099838867187596,-49740408869274.14,0,1332997274750.1624,False
N,2.2199838867187593,-24029057202259.168,0,292129484670.08887,False
N,2.2299838867187596,-11307231050677.666,0,417253090732.67444,False
N,2.2399838867187594,-4841970219169.166,0,272154256285.05328,False
N,2.2499838867187596,-1821895725077.3887,0,-282009255909.931,False
N,2.2599838867187594,-853691254054.1934,0,253773205108.09924,False
N,2.2699838867187596,-329177622349.2564,0,-23086067995.302925,False
N,2.2799838867187594,-117368312269.65915,0,6942445051.437174,False
N,2.2899838867187596,-41830241531.29269,0,7963493605.290035,False
N,2.2999838867187594,-19200171230.67531,0,-5821253139.318256,False
N,2.3099838867187596,-17530035536.329544,0,7880879701.664053,False
N,2.3199838867187594,-8505980057.041939,0,-700954739.8762038,False
N,2.3299838867187592,-2375880677.772586,0,-1034911817.5789076,False
N,2.3399838867187595,-664065349.6708025,0,72697208.02401519,False
N,2.3499838867187597,-377042529.33235085,0,207910170.59877253,False
N,2.3599838867187595,-212972084.27288663,0,-6554174.544635424,False
N,2.3699838867187593,-125482044.78386724,0,19434638.301052794,False
N,2.3799838867187595,-76207580.33991623,0,-23700126.809986055,False
N,2.3899838867187597,-74116046.8666361,0,13586056.185462981,False
N,2.3999838867187595,-58899156.9342915,0,-284136.88759012456,False
N,2.4099838867187593,-43173740.617725566,0,-2154758.978322925,False
N,2.4199838867187595,-30965408.383582063,0,1626813.9916284122,False
N,2.4299838867187598,-19413372.415846106,0,-451207.14762445644,False
N,2.4399838867187595,-11699000.485781725,0,-286234.0766050767,False
N,2.4499838867187593,-7284932.002161375,0,41074.24382420493,False
N,2.4599838867187596,-4622320.897012672,0,24418.717749277304,False
N,2.46998388671876,-2868240.08524887,0,66848.57794598638,False
N,2.4799838867187596,-1639236.001723618,0,34388.212636408396,False
N,2.4899838867187594,-864816.2947353077,0,-171702.05829111626,False
N,2.4999838867187596,-386358.358351149,0,102412.71414238337,False
N,2.5099838867187594,249219.94341127577,0,126395.66309874237,False
N,2.5199838867187596,759247.926837316,0,-86872.7878212901,False
N,2.5299838867187594,739778.3733695516,0,-63038.309297772954,False
N,2.539983886718759,423961.508200248,0,18620.983272457088,False
N,2.5499838867187594,160808.2733436151,0,31782.679448350325,False
N,2.5599838867187596,36960.471849170426,0,-11009.75546097288,False
N,2.5699838867187594,-11583.332563519081,0,12145.90118970021,False
N,2.5799838867187592,-8771.738814734812,0,-7143.910221312557,False
N,2.5899838867187595,-4559.0412304437305,0,-985.2740915875829,False
N,2.5999838867187597,-2029.8224040971465,0,773.113898886764,False
N,2.6099838867187595,-262.414524506056,0,-753.6092001135244,False
N,2.6199838867187593,-240.54392536664136,0,313.003486282359,False
N,2.6299838867187595,-214.64769193968715,0,-19.409887828667625,False
N,2.6399838867187597,-223.52886173172658,0,-6.997026879419344,False
N,2.6499838867187595,-216.33550680088746,0,14.457562266089756,False
N,2.6599838867187593,-169.0200607288982,0,180.4575235039357,False
N,2.6699838867187595,-126.32147989760357,0,-274.4336729652453,False
N,2.6799838867187598,-115.01986989242633,0,-921.6367311436018,False
N,2.6899838867187595,938.808655521247,0,2613.377311304329,False
N,2.6999838867187593,3563.1899366065945,0,-2246.800380742586,False
N,2.7099838867187596,2210.4313807937483,0,741.044581398515,False
N,2.71998388671876,937.38583050577,0,-393.75910695225343,False
N,2.7299838867187596,-75.35072129686631,0,478.41983723216595,False
N,2.7399838867187594,-77.17164272518443,0,-182.57682415719356,False
N,2.7499838867187596,-110.01430467522687,0,29.529294167279154,False
N,2.7599838867187594,-137.84105743505899,0,-62.567369580224536,False
N,2.7699838867187596,-142.1001756279301,0,-48.76971930047376,False
N,2.7799838867187594,55.449906791401375,0,200.7976881684118,False
N,2.789983886718759,417.33637905532066,0,-100.54085572659446,False
N,2.7999838867187594,397.7537377805142,0,-58.90204677135313,False
N,2.8099838867187596,147.3499159784405,0,95.29988656179927,False
N,2.8199838867187594,-90.01885130423656,0,-144.0945815290095,False
N,2.8299838867187592,-330.70030761376654,0,120.13284757128369,False
N,2.8399838867187595,-279.446855718517,0,-148.90135475204528,False
N,2.8499838867187597,-193.98304678303043,0,89.4321163595442,False
N,2.8599838867187595,-164.2084949403228,0,321.9821004488729,False
N,2.8699838867187593,-1005.6060058041546,0,-410.48377380161185,False
N,2.8799838867187595,-3722.648878311766,0,-595.9139873310451,False
N,2.8899838867187597,-7576.908302030638,0,1883.1250124279188,False
N,2.8999838867187595,-12549.955999968164,0,-1162.4375963137377,False
N,2.9099838867187593,-22918.84815255792,0,356.62070857354894,False
N,2.9199838867187595,-35957.375323092136,0,-1690.5830662018002,False
N,2.9299838867187598,-48910.68803560414,0,1841.019585477484,False
N,2.9399838867187595,-56855.572523427036,0,-482.3157298337222,False
N,2.9499838867187593,-62843.94912640452,0,-477.5240116227117,False
N,2.9599838867187596,-66856.75477802599,0,1163.0419244523605,False
N,2.96998388671876,-68697.83738442889,0,-427.74316237429105,False
N,2.9799838867187596,-70859.09989413494,0,-915.6852144687582,False
N,2.9899838867187594,-71542.24875133601,0,-64.69876548998946,False
N,2.9999838867187596,-67225.25287013988,0,1782.447304205992,False
N,3.00998388671876,-58156.45492138274,0,-1899.8682745272386,False
N,3.0199838867187596,-48742.76392556907,0,990.9420657109519,False
N,3.0299838867187594,-36854.97142763576,0,-250.41362787785357,False
N,3.039983886718759,-25226.96114411549,0,714.8638828530462,False
N,3.0499838867187594,-15510.056568871016,0,-775.5722619520963,False
N,3.0599838867187596,-9775.50274036234,0,55.11843346399685,False
N,3.0699838867187594,-6225.282944528404,0,-144.23477757818353,False
N,3.0799838867187592,-3845.552286499691,0,535.6063475980002,False
N,3.0899838867187595,-2075.9270898142368,0,-473.1775852929159,False
N,3.0999838867187597,-1674.8935618867301,0,169.3289890559355,False
N,3.1099838867187595,-1506.1697084205098,0,-119.63332551193385,False
N,3.1199838867187593,-1377.770845165062,0,154.2000342451679,False
N,3.1299838867187595,-1026.0356635804067,0,40.39794395437997,False
N,3.1399838867187597,-833.4261839087019,0,-164.4341824296039,False
N,3.1499838867187595,-903.3275497032354,0,34.24580579364374,False
N,3.1599838867187593,-817.6603641021442,0,109.78752485804843,False
N,3.1699838867187595,-623.4857844060391,0,-36.33343005783787,False
N,3.1799838867187598,-627.5306873161408,0,-99.10891191771283,False
N,3.1899838867187595,-737.4625197859901,0,72.93834501863333,False
N,3.1999838867187593,-679.8898793684754,0,39.79073346192446,False
N,3.2099838867187596,-595.0159857221091,0,-94.48489290606145,False
N,3.21998388671876,-599.0086104992286,0,96.55822987160275,False
N,3.2299838867187596,-545.2556765744483,0,-68.28394811616442,False
N,3.2399838867187594,-591.2746154810293,0,27.366081732306004,False
N,3.2499838867187596,-619.3629881812619,0,2.9256741384907627,False
N,3.25998388671876,-646.3021737634533,0,-28.74033725338743,False
N,3.2699838867187596,-659.1608790480905,0,39.86601266735938,False
N,3.2799838867187594,-597.7410937568959,0,-33.92597694343023,False
N,3.289983886718759,-527.0201140331523,0,13.641172614090738,False
N,3.2999838867187594,-397.9544664375465,0,8.21483521198431,False
N,3.3099838867187596,-251.0357696087509,0,-4.273971548502403,False
N,3.3199838867187594,-134.44369857887904,0,-3.1339853396090493,False
N,3.3299838867187592,-54.75697350157991,0,0.5507614244678223,True
N,3.3399838867187595,-2.5971889430522968,0,-0.5581906022627621,True
N,3.3499838867187597,28.567274080300837,0,0.6012606993288447,True
N,3.3599838867187595,45.72581664867931,0,-0.13783321239570037,True
N,3.3699838867187593,52.976478325309174,0,-1.3558735798604928,False
N,3.37998388671876,55.13350135241576,0,1.7620383164886206,False
N,3.3899838867187597,56.90033137684952,0,0.4128949216332245,True
N,3.3999838867187595,54.73437597092307,0,-0.8799229016625644,True
N,3.4099838867187593,47.419234531342866,0,-0.9374808672437933,True
N,3.419983886718759,38.542067809008614,0,2.0153084039386258,False
N,3.4299838867187598,31.214060499037846,0,-1.8872548663140973,False
N,3.4399838867187595,22.44553603730315,0,1.5382792554564801,False
N,3.4499838867187593,15.237807024063942,0,-0.7704740765515901,True
N,3.459983886718759,7.25964602608188,0,-0.13938004552802732,True
N,3.46998388671876,0.07696110935974998,0,0.3539276101771659,True
N,3.4799838867187596,-5.470048620168074,0,-0.11217797495092381,True
N,3.4899838867187594,-10.103173289803795,0,0.06398541979996548,True
N,3.499983886718759,-13.982626599023208,0,-0.025392636983498324,True
N,3.50998388671876,-17.380113669181245,0,-0.07697715307837545,True
N,3.5199838867187596,-20.29491852471217,0,0.07370723958321908,True
N,3.5299838867187594,-22.606259915030584,0,-0.010865176544922878,True
N,3.539983886718759,-24.53515423300167,0,-0.028530204407505977,True
N,3.54998388671876,-26.202172077441872,0,0.07412752693943384,True
N,3.5599838867187596,-27.692629312388462,0,-0.056871998777070346,True
N,3.5699838867187594,-29.227768293544578,0,0.010668086695674834,True
N,3.5799838867187592,-30.71999270664262,0,-0.05239384449622264,True
N,3.58998388671876,-32.11409956010667,0,0.09077227569005922,True
N,3.5999838867187597,-33.32327066487846,0,-0.06324946136490439,True
N,3.6099838867187595,-34.543435701394685,0,0.035611468199251796,True
N,3.6199838867187593,-35.70863856544669,0,-0.014092336199325928,True
N,3.62998388671876,-36.870534136369855,0,-0.009735600919742163,True
N,3.6399838867187597,-37.98471946784811,0,0.01178715472204909,True
N,3.6499838867187595,-38.995287805109854,0,0.006407283597155811,True
N,3.6599838867187593,-39.89324219044646,0,-0.039055056457167815,True
N,3.669983886718759,-40.64577253487996,0,0.06815810528658872,True
N,3.6799838867187598,-41.15781191658013,0,-0.10682627134316883,True
N,3.6899838867187595,-41.50636691960747,0,0.10415198958173258,True
N,3.6999838867187593,-41.5315690021937,0,-0.03296153278121731,True
N,3.709983886718759,-41.477632124800735,0,-0.024011251223406305,True
N,3.71998388671876,-41.36794081263034,0,0.06315427746866575,True
N,3.7299838867187596,-41.20281935231141,0,-0.05793321890823695,True
N,3.7399838867187594,-41.1035992992404,0,-0.02327845315069273,True
N,3.749983886718759,-40.93369381276934,0,0.050988458549644136,True
N,3.75998388671876,-40.64619696965528,0,0.03368826362016245,True
N,3.7699838867187596,-40.423554482964406,0,-0.06937751195159099,True
N,3.7799838867187594,-40.3716329507742,0,0.01977030454684936,True
N,3.789983886718759,-40.31759027445245,0,-0.004780625650103805,True
N,3.79998388671876,-40.22614073036678,0,0.01947643002561013,True
N,3.8099838867187596,-40.08093314260358,0,0.019609530047961954,True
N,3.8199838867187594,-39.913234636868594,0,-0.13043778425067742,True
N,3.8299838867187592,-39.68507206033328,0,0.16304239344568572,True
N,3.83998388671876,-39.17157480134703,0,-0.06416282092072478,True
N,3.8499838867187597,-38.743601494941196,0,-1.467239484516843e-05,True
N,3.8599838867187595,-38.38948566215505,0,0.0025980395848511266,True
N,3.8699838867187593,-38.10001263556007,0,-0.013701642150388455,True
N,3.87998388671876,-37.86850759362903,0,0.03349462681370359,True
N,3.8899838867187597,-37.67524732322691,0,-0.02971246618115231,True
N,3.8999838867187595,-37.56967007251321,0,0.004089538835023868,True
N,3.9099838867187593,-37.46940779005975,0,-0.00410145676761194,True
N,3.919983886718759,-37.33856092193756,0,0.011727918468646218,True
N,3.9299838867187598,-37.16316117870678,0,-0.002507816078865706,True
N,3.9399838867187595,-36.97578027602232,0,-0.0015588347422029376,True
N,3.9499838867187593,-36.78516242382196,0,-0.004033975176309212,True
N,3.959983886718759,-36.591271222799605,0,0.013411143768481773,True
N,3.96998388671876,-36.39464267285848,0,-0.014136266842342593,True
N,3.9799838867187596,-36.220589024168994,0,0.0020793907152215256,True
N,3.9899838867187594,-36.03873191455786,0,0.006777703360941226,True
N,3.999983886718759,-35.84781997056214,0,-0.007280322947577152,True
N,4.00998388671876,-35.663252463137965,0,0.004477082895361898,True
N,4.01998388671876,-35.476413087494805,0,-0.01295145837330125,True
N,4.029983886718759,-35.298351900780986,0,0.036894553747679026,True
N,4.039983886718759,-35.13292282471151,0,-0.036958587771232246,True
N,4.04998388671876,-35.054492395807856,0,0.010493067703630269,True
N,4.05998388671876,-34.986572442911935,0,0.002323803013082918,True
N,4.069983886718759,-34.92357161381343,0,-0.0018986671284248282,True
N,4.079983886718759,-34.86783696902805,0,0.0022900003383282313,True
N,4.08998388671876,-34.81571116371902,0,-0.001940584135296556,True
N,4.09998388671876,-34.768924450467665,0,-0.0006368335521784729,True
N,4.1099838867187595,-34.720854677243416,0,0.0011413477315448024,True
N,4.119983886718759,-34.66817079221561,0,0.00125619395780537,True
N,4.12998388671876,-34.614653845066584,0,-0.0009110497156944082,True
N,4.13998388671876,-34.564348900602354,0,-0.001385218858111159,True
N,4.1499838867187595,-34.51402787500581,0,0.0010858248524669989,True
N,4.159983886718759,-34.45865583413088,0,0.0004204204208946294,True
N,4.169983886718759,-34.39970230665118,0,-0.00085101431436622,True
N,4.17998388671876,-34.338626334945246,0,0.0008768886882724776,True
N,4.1899838867187595,-34.27435395257112,0,-0.0004608262848411944,True
N,4.199983886718759,-34.208384270152564,0,-0.0001239769438790006,True
N,4.209983886718759,-34.139528143249436,0,0.00048410033012658005,True
N,4.21998388671876,-34.066673130066675,0,-0.0004217895738113005,True
N,4.22998388671876,-33.989527353117616,0,-0.001123939538315947,True
N,4.239983886718759,-33.9057148972432,0,0.0032166113995752235,True
N,4.249983886718759,-33.81330654705488,0,-0.002686238515777243,True
N,4.25998388671876,-33.71756342416449,0,-0.000729748533654373,True
N,4.26998388671876,-33.61163731878682,0,0.0018853174652259477,True
N,4.279983886718759,-33.49268812083425,0,-0.0002832193255860223,True
N,4.289983886718759,-33.36626231111871,0,-0.0007268721904741444,True
N,4.29998388671876,-33.23498105656027,0,0.00044557100806249156,True
N,4.30998388671876,-33.10023952614074,0,-0.00035352531532950593,True
N,4.319983886718759,-32.96656812404643,0,0.0033561396925136933,True
N,4.329983886718759,-32.83895906361985,0,-0.00429694338021136,True
N,4.33998388671876,-32.72498751925165,0,0.0009222416686682777,True
N,4.34998388671876,-32.61467478822553,0,0.0009822589931853067,True
N,4.3599838867187595,-32.50626995099955,0,-7.495923744945306e-05,True
N,4.369983886718759,-32.400716421194105,0,-0.0008537669747733881,True
N,4.37998388671876,-32.29575839163277,0,0.0022108040620392915,True
N,4.38998388671876,-32.18639058976707,0,-0.006762271670040694,True
N,4.3999838867187595,-32.06998087952506,0,0.006787795104595891,True
N,4.409983886718759,-31.93300543693912,0,-0.0007747209627109914,True
N,4.41998388671876,-31.791622380166157,0,-0.0015899700795477163,True
N,4.42998388671876,-31.650944998860066,0,0.001729036033697895,True
N,4.4399838867187595,-31.50969007994798,0,-0.002719016709864519,True
N,4.449983886718759,-31.369717728107574,0,0.0014417376844780467,True
N,4.459983886718759,-31.22565714956486,0,0.001763646303164871,True
N,1.3699838867187595,-9.543020939827835e+30,1,-1.3596240280853617e+32,False
N,1.3799838867187595,-7.80984764977836e+31,1,1.878003244494156e+32,False
N,1.3899838867187595,8.727123143129044e+30,1,-2.522607554181494e+32,False
N,1.3999838867187595,-1.0103138748991766e+31,1,2.3287525253932427e+32,False
N,1.4099838867187595,2.4000139682128783e+32,1,-4.860026173300949e+31,False
N,1.4199838867187595,2.5569443206784102e+32,1,-4.86757327693066e+31,False
N,1.4299838867187595,5.294422765892607e+31,1,-5.574683266167118e+31,False
N,1.4399838867187595,-1.2456796768087056e+32,1,1.0614916171946198e+32,False
N,1.4499838867187596,-9.750231378647403e+31,1,-4.402396246499701e+31,False
N,1.4599838867187596,-8.53413750223483e+31,1,7.109445718768839e+30,False
N,1.4699838867187593,-6.9495149965724195e+31,1,-5.870041982070426e+30,False
N,1.4799838867187596,-5.744484619658146e+31,1,4.637295673088043e+30,False
N,1.4899838867187594,-4.008620598503577e+31,1,-1.1965236158173889e+30,False
N,1.4999838867187594,-2.6949758183761223e+31,1,-3.851946072080819e+29,False
N,1.5099838867187594,-1.8377044189462171e+31,1,-1.839010867686192e+29,False
N,1.5199838867187594,-1.2699759637777504e+31,1,4.1259340426949e+29,False
N,1.5299838867187594,-8.550922046529185e+30,1,-3.925383025727211e+29,False
N,1.5399838867187594,-5.968277336333939e+30,1,3.3454285536565526e+29,False
N,1.5499838867187594,-3.918739404986327e+30,1,-2.0276069431804824e+29,False
N,1.5599838867187594,-2.653619942895059e+30,1,1.0787490498182861e+29,False
N,1.5699838867187594,-1.7013713008890723e+30,1,-3.6424206276974804e+28,False
N,1.5799838867187594,-1.0841506561258164e+30,1,2.167496358700464e+27,False
N,1.5899838867187595,-6.705705822002847e+29,1,1.6959015235100008e+28,False
N,1.5999838867187595,-3.942442868068615e+29,1,-1.5441807330546557e+28,False
N,1.6099838867187595,-2.4078063358712083e+29,1,5.642851359735712e+27,False
N,1.6199838867187595,-1.4603005071922571e+29,1,2.180782729065919e+27,False
N,1.6299838867187595,-8.873537490120767e+28,1,-3.5037929836839043e+27,False
N,1.6399838867187595,-5.667474319255228e+28,1,3.754641275304604e+27,False
N,1.6499838867187595,-3.3576896639803645e+28,1,-1.553676217184751e+27,False
N,1.6599838867187595,-2.0143938178667745e+28,1,7.476692812750125e+26,False
N,1.6699838867187595,-1.152348498218488e+28,1,-3.118694480357891e+26,False
N,1.6799838867187595,-6.630725763838143e+27,1,1.671640240902642e+26,False
N,1.6899838867187595,-3.6624050899033756e+27,1,9.43885129559346e+23,False
N,1.6999838867187596,-1.968040067663894e+27,1,-5.357689353066745e+24,False
N,1.7099838867187596,-1.0469362008689117e+27,1,1.548380456318254e+25,False
N,1.7199838867187593,-5.425240789561763e+26,1,1.159522355547585e+25,False
N,1.7299838867187596,-2.745055131703709e+26,1,-8.24345048315622e+24,False
N,1.7399838867187594,-1.4595070918401977e+26,1,1.0555480161297188e+25,False
N,1.7499838867187596,-7.372692576463287e+25,1,-2.111332312781673e+24,False
N,1.7599838867187594,-3.7959177673643403e+25,1,1.450868478138884e+24,False
N,1.7699838867187594,-1.8697354698624715e+25,1,6.70255305347417e+23,False
N,1.7799838867187594,-8.58421552998042e+24,1,-4.798630810011589e+23,False
N,1.7899838867187594,-4.1501768921110166e+24,1,3.9948529587081125e+23,False
N,1.7999838867187594,-1.7917817113294025e+24,1,4.417113246383768e+22,False
N,1.8099838867187594,-6.508776018678341e+23,1,-2.3962963828234894e+22,False
N,1.8199838867187594,-2.177050906530567e+23,1,1.3532186718984372e+22,False
N,1.8299838867187594,-6.587082252328016e+22,1,1.2527636662892295e+22,False
N,1.8399838867187595,3.8746568024118086e+21,1,2.1822406961128268e+22,False
N,1.8499838867187595,4.483002103796774e+22,1,-1.5615664482374048e+22,False
N,1.8599838867187595,3.950898330772217e+22,1,2.766820171812353e+21,False
N,1.8699838867187595,3.057473791316525e+22,1,4.419771663112738e+21,False
N,1.8799838867187595,2.7145973438698437e+22,1,-1.648599906325016e+21,False
N,1.8899838867187595,2.1397793782508605e+22,1,-4.088989328061986e+19,False
N,1.8999838867187595,1.5080348135244473e+22,1,-5.330302371131599e+19,False
N,1.9099838867187595,9.627231542066517e+21,1,-6.573898601898364e+19,False
N,1.9199838867187595,5.910145542963266e+21,1,4.717336650271735e+20,False
N,1.9299838867187593,3.9190800304833933e+21,1,-3.75135259978713e+20,False
N,1.9399838867187595,2.367879333621827e+21,1,1.7753128452461484e+20,False
N,1.9499838867187593,1.5246442079827859e+21,1,-5.964352558474403e+19,False
N,1.9599838867187596,9.609202759075048e+20,1,-1.6204163083810361e+19,False
N,1.9699838867187593,6.168857336219228e+20,1,3.5004657691194335e+19,False
N,1.9799838867187596,4.434901977282205e+20,1,-1.5177012615811019e+19,False
N,1.9899838867187594,3.052297267019588e+20,1,-1.030488781959043e+19,False
N,1.9999838867187596,1.9017476703924466e+20,1,1.2091638712107663e+18,False
N,2.0099838867187594,1.1890807756186516e+20,1,1.0340120616732946e+19,False
N,2.0199838867187596,8.269540249974474e+19,1,-9.127943889011766e+18,False
N,2.0299838867187594,5.074045471820998e+19,1,2.4645532518638213e+18,False
N,2.0399838867187596,3.222563941838708e+19,1,1.112762636860472e+18,False
N,2.0499838867187594,2.154439080313129e+19,1,-1.530594522956503e+18,False
N,2.0599838867187596,1.3088491588209897e+19,1,5.215636993815556e+17,False
N,2.0699838867187594,7.924648823465027e+18,1,1.0361037452823338e+17,False
N,2.0799838867187592,4.610926755074617e+18,1,-4.9763315379070675e+17,False
N,2.0899838867187595,2.3261290218417546e+18,1,5.5613285157145766e+17,False
N,2.0999838867187597,1.4914609023640735e+18,1,-3.584502656270226e+17,False
N,2.1099838867187595,7.84730392289509e+17,1,1.3400728305908275e+17,False
N,2.1199838867187593,4.771453137450432e+17,1,-3.628134662045973e+16,False
N,2.1299838867187595,2.8261172157457142e+17,1,-1.040732179448578e+16,False
N,2.1399838867187597,1.6177760169339696e+17,1,1.132538561646818e+16,False
N,2.1499838867187595,1.0434479136547339e+17,1,-4219731295894283.0,False
N,2.1599838867187593,6.6625048436489416e+16,1,-2151942840088275.2,False
N,2.1699838867187595,3.949236503267802e+16,1,504804296842262.1,False
N,2.1799838867187598,2.3064579785450684e+16,1,694854485682493.6,False
N,2.1899838867187595,1.3791720790867772e+16,1,-468797699448735.8,False
N,2.1999838867187593,7484831390692053.0,1,-427139928877563.3,False
N,2.2099838867187596,3485097086483674.0,1,625626216366658.1,False
N,2.2199838867187593,1851059342907747.2,1,-442866741111750.6,False
N,2.2299838867187596,795776014468967.8,1,254423064126878.56,False
N,2.2399838867187594,440578643711563.8,1,-193518065565543.06,False
N,2.2499838867187596,157872014548793.2,1,113457636345099.83,False
N,2.2599838867187594,97672537024215.55,1,-66745593929148.414,False
N,2.2699838867187596,26499853918433.195,1,22055162383648.812,False
N,2.2799838867187594,8122658819690.281,1,-3364396089899.151,False
N,2.2899838867187596,3085132548982.2554,1,-1329758959420.59,False
N,2.2999838867187594,1037917461948.7163,1,-466190826937.03955,False
N,2.3099838867187596,551740909478.5132,1,957750871035.3806,False
N,2.3199838867187594,1138861481186.2056,1,-887841535771.3931,False
N,2.3299838867187592,455924043789.8264,1,154689176876.61407,False
N,2.3399838867187595,50464967323.16574,1,156303745225.63358,False
N,2.3499838867187597,33862910507.4117,1,-83147487294.0389,False
N,2.3599838867187595,9473882010.835493,1,20956101288.820312,False
N,2.3699838867187593,10453711802.593267,1,-14698710722.396145,False
N,2.3799838867187595,873127388.4928067,1,7212232299.170074,False
N,2.3899838867187597,1454361543.9154239,1,-2243236634.621406,False
N,2.3999838867187595,1378887979.439082,1,569469946.267523,False
N,2.4099838867187593,1560815135.8588412,1,-572132815.5517421,False
N,2.4199838867187595,1187466376.458421,1,590544246.067173,False
N,2.4299838867187598,1136199664.6153383,1,-509318896.471107,False
N,2.4399838867187595,541610670.4904555,1,260288032.89637628,False
N,2.4499838867187593,338798247.4310183,1,-51907482.52013564,False
N,2.4599838867187596,207451053.14401338,1,-2491512.241474637,False
N,2.46998388671876,133575747.07442611,1,17609736.870341524,False
N,2.4799838867187596,98052095.2844267,1,-32739279.422764786,False
N,2.4899838867187594,61683897.00452209,1,26608001.046827026,False
N,2.4999838867187596,70857405.85560521,1,1753577.3623152082,False
N,2.5099838867187594,61105653.3123662,1,-15257373.795223773,False
N,2.5199838867187596,16756454.984254524,1,4800841.206784442,False
N,2.5299838867187594,-18546125.210629713,1,-5738551.144840896,False
N,2.539983886718759,-33386017.816878464,1,10076898.614380619,False
N,2.5499838867187594,-19770100.60106906,1,-985436.8464318342,False
N,2.5599838867187596,-7559505.420809609,1,-5214972.826526282,False
N,2.5699838867187594,-4008226.5384552386,1,4055308.2398689,False
N,2.5799838867187592,324258.300300895,1,-2523735.9668305577,False
N,2.5899838867187595,283150.9072699097,1,1216162.3061199957,False
N,2.5999838867187597,450182.0909805946,1,-568840.5898301313,False
N,2.6099838867187595,1195.855696066832,1,330287.7704265718,False
N,2.6199838867187593,3123.23813374573,1,-76807.22333555385,False
N,2.6299838867187595,938.7684845643096,1,-943.9530225336075,False
N,2.6399838867187597,-612.9070275997851,1,183.3770635104218,False
N,2.6499838867187595,2139.633840752573,1,3903.115464267953,False
N,2.6599838867187593,6130.871217540349,1,43944.71174339122,False
N,2.6699838867187595,2658.6054961648742,1,-258353.8508079588,False
N,2.6799838867187598,802.6501211175685,1,558104.3012929615,False
N,2.6899838867187595,291093.1020483273,1,-630205.3210508078,False
N,2.6999838867187593,-104612.76310259278,1,482488.1067140205,False
N,2.7099838867187596,-84504.68329057611,1,-407339.00192502263,False
N,2.71998388671876,-248051.33635795038,1,357232.19422936137,False
N,2.7299838867187596,-1071.6997463145183,1,-184351.715339699,False
N,2.7399838867187594,230.9379533252423,1,28715.135167972858,False
N,2.7499838867187596,-7337.857623276136,1,19013.38978433246,False
N,2.7599838867187594,-73.95865179666698,1,-44063.4012233101,False
N,2.7699838867187596,4916.135888489847,1,63031.93713838078,False
N,2.7799838867187594,63795.63892070858,1,-33111.68539145182,False
N,2.789983886718759,41617.06793052308,1,7808.971598985585,False
N,2.7999838867187594,-9486.132203580055,1,-41646.68349308085,False
N,2.8099838867187596,-48969.701559002104,1,70566.72711138395,False
N,2.8199838867187594,-1024.735575118739,1,-51536.41678501253,False
N,2.8299838867187592,-4457.786011765105,1,19898.36845956067,False
N,2.8399838867187595,10709.501719067883,1,-23406.829252492964,False
N,2.8499838867187597,14021.887843158329,1,65920.12173329631,False
N,2.8599838867187595,-6019.251018582657,1,-44677.11020019799,False
N,2.8699838867187593,-182396.89736506875,1,-76446.72681353516,False
N,2.8799838867187595,-374057.66241526057,1,99019.06809740726,False
N,2.8899838867187597,-433974.44730935345,1,125248.11487317926,False
N,2.8999838867187595,-667826.803989989,1,-237337.13564611404,False
N,2.9099838867187593,-1239886.5266178104,1,-54517.43206913612,False
N,2.9199838867187595,-1421528.9623323872,1,232594.6784225627,False
N,2.9299838867187598,-1015255.8251288994,1,-10195.167051106075,False
N,2.9399838867187595,-681799.7882729525,1,-193932.13859362702,False
N,2.9499838867187593,-544556.4137652013,1,165478.25557083558,False
N,2.9599838867187596,-250755.15464798643,1,65874.74523586083,False
N,2.96998388671876,-135052.18656709645,1,-282403.10785517545,False
N,2.9799838867187596,-226660.87434675434,1,198464.74497109832,False
N,2.9899838867187594,145896.6994255475,1,-120602.73008216587,False
N,2.9999838867187596,660371.0872679945,1,355486.44888339983,False
N,3.00998388671876,1191573.9466310402,1,-567770.1065870582,False
N,3.0199838867187596,1087761.6594044112,1,548224.9653124973,False
N,3.0299838867187594,1303554.025217506,1,-402118.3115701059,False
N,3.039983886718759,993313.6219170479,1,258915.71808732455,False
N,3.0499838867187594,800495.5974420684,1,-177630.4619846476,False
N,3.0599838867187596,444937.80040327285,1,53481.97528747988,False
N,3.0699838867187594,276355.08860698773,1,92194.6975045597,False
N,3.0799838867187592,208556.55714727443,1,-129425.08506241128,False
N,3.0899838867187595,40337.39013080896,1,68225.23299906596,False
N,3.0999838867187597,8647.045704239905,1,-8437.750365013007,False
N,3.1099838867187595,12038.745679720889,1,-3205.4861192527715,False
N,3.1199838867187593,20020.873529306333,1,4225.979355561584,False
N,3.1299838867187595,22430.472194873415,1,-4355.903829650611,False
N,3.1399838867187597,10200.327372605423,1,-6415.106663319581,False
N,3.1499838867187595,714.8436463612834,1,582.5218037749121,False
N,3.1599838867187593,11674.621509771869,1,33572.16354444304,False
N,3.1699838867187595,22605.81738632252,1,-55241.52231555057,False
N,3.1799838867187598,-21644.72554799747,1,32848.23805552602,False
N,3.1899838867187595,-9476.496098036607,1,175.42858952405618,False
N,3.1999838867187593,6015.551057215451,1,-5262.791548346484,False
N,3.2099838867187596,4130.423697783948,1,-6249.884387971231,False
N,3.21998388671876,-2386.336400146632,1,13744.109149400954,False
N,3.2299838867187596,1080.5972456885274,1,-16202.86999207608,False
N,3.2399838867187594,-6482.970504192819,1,15576.388594696167,False
N,3.2499838867187596,743.8984853857511,1,-12572.091853406891,False
N,3.25998388671876,-1799.9443281971403,1,8503.167722439615,False
N,3.2699838867187596,4400.5974028163155,1,-2724.9504997157946,False
N,3.2799838867187594,5504.313796121756,1,-4090.6877078874204,False
N,3.289983886718759,6332.6950739903605,1,6936.662510997954,False
N,3.2999838867187594,14020.228564974075,1,-3011.69629482671,False
N,3.3099838867187596,13470.272456581095,1,-1292.1990814070805,False
N,3.3199838867187594,8975.030861263593,1,1118.439600736749,False
N,3.3299838867187592,6145.3760474574465,1,59.25643097426628,False
N,3.3399838867187595,4157.653951139777,1,-121.62263315399275,False
N,3.3499838867187597,2464.32178024944,1,99.2568806057711,False
N,3.3599838867187595,1149.4866005326169,1,-319.3894123199193,False
N,3.3699838867187593,199.1695366188613,1,408.7261409001803,False
N,3.37998388671876,96.8470556557257,1,-276.55413421555005,False
N,3.3899838867187597,-92.88550661075546,1,426.66618379334477,False
N,3.3999838867187595,-271.95710043498303,1,-722.0956039846811,False
N,3.4099838867187593,-968.1457673650933,1,556.9761763737802,False
N,3.419983886718759,-775.0815374828898,1,-119.42806934726373,False
N,3.4299838867187598,-684.8200533119298,1,-66.71877113262832,False
N,3.4399838867187595,-745.9855115748437,1,48.06785528349445,False
N,3.4499838867187593,-780.3390792769171,1,-68.3029035147033,False
N,3.459983886718759,-783.0915205018604,1,73.39324202263938,False
N,3.46998388671876,-634.4960647108427,1,-6.480473261125155,False
N,3.4799838867187596,-509.66582783071095,1,-47.095597470127274,False
N,3.4899838867187594,-438.2143601181543,1,65.34885937093307,False
N,3.499983886718759,-343.13848572645463,1,-64.18884134197387,False
N,3.50998388671876,-323.3918875262506,1,35.01631833160967,False
N,3.5199838867187596,-261.7919508799391,1,-2.694745980551062,False
N,3.5299838867187594,-210.1528116935184,1,-8.821329365846655,False
N,3.539983886718759,-179.18744642692997,1,10.473213184066461,False
N,3.54998388671876,-154.6761479773649,1,-11.507241697433358,False
N,3.5599838867187596,-150.39450187434383,1,13.941743996080769,False
N,3.5699838867187594,-145.27410717531802,1,-17.614218241725617,False
N,3.5799838867187592,-152.4460266502697,1,8.113763960212843,False
N,3.58998388671876,-135.5903228052273,1,9.571659876406635,False
N,3.5999838867187597,-114.62136733261917,1,-9.100954360487158,False
N,3.6099838867187595,-117.0052573499966,1,-6.715597940645378,False
N,3.6199838867187593,-120.32985614159382,1,15.019892013380922,False
N,3.62998388671876,-106.9105193212511,1,-10.801004500502618,False
N,3.6399838867187597,-104.08368247628702,1,1.8540832770682485,False
N,3.6499838867187595,-94.08750908721292,1,6.8193064769927645,False
N,3.6599838867187593,-78.86791753074871,1,-11.976192761305128,False
N,3.669983886718759,-68.95408141741343,1,9.417427153056753,False
N,3.6799838867187598,-42.54259072956867,1,-5.940190521991835,False
N,3.6899838867187595,-17.354608389249414,1,10.647234773336676,False
N,3.6999838867187593,5.868692660176511,1,-13.713065167858772,False
N,3.709983886718759,7.724986322057383,1,8.39985485358333,False
N,3.71998388671876,14.034201986477626,1,2.0301919050841706,False
N,3.7299838867187596,13.560133523105184,1,-16.07297871216494,False
N,3.7399838867187594,8.409568402691502,1,20.273966911453414,False
N,3.749983886718759,26.21343912757655,1,-5.655492641642745,False
N,3.75998388671876,23.688950958699195,1,-7.645249216616291,False
N,3.7699838867187596,8.283383384317686,1,5.079597854242792,False
N,3.7799838867187594,4.241134270153178,1,-0.5451760575017659,True
N,3.789983886718759,6.732224559691983,1,1.3947192714816858,False
N,3.79998388671876,12.329885399642322,1,4.025716112403391,False
N,3.8099838867187596,15.73950179492373,1,-21.51948404673476,False
N,3.8199838867187594,18.16692823755716,1,32.13139783687542,False
N,3.8299838867187592,51.47278538108534,1,-18.36010570077648,False
N,3.83998388671876,49.05555576016422,1,-0.07974510933963389,True
N,3.8499838867187597,38.63997081181549,1,4.33809356086148,False
N,3.8599838867187595,32.116376670767686,1,-4.384740256877269,False
N,3.8699838867187593,25.06226351341841,1,6.465046230263397,False
N,3.87998388671876,22.770826923003195,1,-5.365689519456642,False
N,3.8899838867187597,13.942526348331901,1,1.4044637345912927,False
N,3.8999838867187595,9.475362485369105,1,-0.7927903921731106,True
N,3.9099838867187593,10.270740160494245,1,2.2195695983991026,False
N,3.919983886718759,15.66025073804938,1,-0.9421259282980341,True
N,3.9299838867187598,18.648929767300526,1,0.11692095633424651,True
N,3.9399838867187595,19.232674572832284,1,-1.9620990061807473,False
N,3.9499838867187593,18.745488684759614,1,3.5664813767680537,False
N,3.959983886718759,20.561007576733324,1,-2.5790149964110958,False
N,3.96998388671876,18.319904628855586,1,-0.43778804934414534,True
N,3.9799838867187596,17.32877938828826,1,2.3200619307385235,False
N,3.9899838867187594,19.08606759078633,1,-1.7532469012162988,False
N,3.999983886718759,18.655312864633,1,0.44746168612583404,True
N,4.00998388671876,18.585538315070853,1,-0.10081222796466319,True
N,4.01998388671876,18.391765117004038,1,0.4405253597308031,True
N,4.029983886718759,17.2397826317533,1,1.344298684529854,False
N,4.039983886718759,13.341275039267979,1,-4.491807982625092,False
N,4.04998388671876,6.596973496510838,1,4.227867181643896,False
N,4.05998388671876,6.6624482446371935,1,-1.2851947269398052,False
N,4.069983886718759,5.997260713244346,1,-0.6278434415172951,True
N,4.079983886718759,5.232166610234975,1,1.402038565281467,False
N,4.08998388671876,5.457947560178299,1,-1.6774370468731732,False
N,4.09998388671876,4.458350455206306,1,1.17756220601837,False
N,4.1099838867187595,5.122318846702562,1,-0.3385107236848846,True
N,4.119983886718759,5.379370664063167,1,0.1452180804969232,True
N,4.12998388671876,5.264971450806977,1,-0.464126778698721,True
N,4.13998388671876,4.889470022466294,1,0.4005356134495922,True
N,4.1499838867187595,5.3094069495684115,1,-0.008529599927105409,True
N,4.159983886718759,5.742753885443283,1,-0.16552765986690227,True
N,4.169983886718759,5.972127246921075,1,0.11713082239951703,True
N,4.17998388671876,6.29361061476954,1,-0.001037957447992325,True
N,4.1899838867187595,6.523588774492597,1,-0.10868654472478385,True
N,4.199983886718759,6.7015326507274375,1,0.10878853464884575,True
N,4.209983886718759,7.083771562556572,1,0.019879280884539163,True
N,4.21998388671876,7.491373955159129,1,-0.2496276559037387,True
N,4.22998388671876,7.962878607703933,1,0.3350146646100545,True
N,4.239983886718759,8.873570318656737,1,0.19712838881545586,True
N,4.249983886718759,9.437713970357787,1,-1.2841188506237666,False
N,4.25998388671876,9.718642516682152,1,1.9237142347310923,False
N,4.26998388671876,11.81152731593245,1,-1.5436983720055766,False
N,4.279983886718759,12.138665027096257,1,0.8362274494563092,True
N,4.289983886718759,12.99176301823266,1,-0.44247932903715476,True
N,4.29998388671876,13.269749134438799,1,0.23264210634249888,True
N,4.30998388671876,13.49613639458772,1,0.08301199495561414,True
N,4.319983886718759,13.164147017105439,1,-0.13199682020117157,True
N,4.329983886718759,12.13256505802595,1,-0.2805106764949512,True
N,4.33998388671876,11.123808380724908,1,0.37465443261438125,True
N,4.34998388671876,10.9319477347126,1,0.0702341059213379,True
N,4.3599838867187595,10.739642696664232,1,-0.40828659840805204,True
N,4.369983886718759,10.366068266106225,1,0.4340950225442217,True
N,4.37998388671876,10.688319500944239,1,-0.41586725042349865,True
N,4.38998388671876,11.191691927014864,1,-0.05749846467959241,True
N,4.3999838867187595,12.574251673350954,1,1.0222015633695252,False
N,4.409983886718759,14.251631969640638,1,-1.231657736275711,False
N,4.41998388671876,14.012042358149769,1,0.624752442347195,True
N,4.42998388671876,14.149478073939063,1,-0.11189306138378836,True
N,4.4399838867187595,14.073773627209837,1,-0.34617773464788765,True
N,4.449983886718759,14.059117457387178,1,0.7682559671289406,True
N,4.459983886718759,14.572693564817204,1,-0.7526618864080004,True
N,1.3699838867187595,5.84569569027841e+33,2,-1.1151209218545296e+35,False
N,1.3799838867187595,-1.7613911299527267e+34,2,1.84523502295339e+35,False
N,1.3899838867187595,1.0647940887309698e+35,2,-1.6477745981452578e+35,False
N,1.3999838867187595,3.7317502936363867e+34,2,9.607437002972026e+34,False
N,1.4099838867187595,3.4261954055837664e+34,2,-1.2473391271862162e+34,False
N,1.4199838867187595,-3.182067705272082e+34,2,-8.917313222829615e+34,False
N,1.4299838867187595,-1.0211263194503258e+35,2,1.2109616035758792e+35,False
N,1.4399838867187595,-4.6853020794733747e+33,2,-5.266983053741725e+34,False
N,1.4499838867187596,1.04619778131493e+34,2,-8.241283124515915e+33,False
N,1.4599838867187596,-2.0211081248761666e+33,2,1.3027096575871243e+34,False
N,1.4699838867187593,1.145159897331011e+33,2,-2.4978872634454659e+33,False
N,1.4799838867187596,2.4228385721485268e+33,2,-6.880266162937537e+32,False
N,1.4899838867187594,1.6189009486784463e+33,2,1.815330422410809e+32,False
N,1.4999838867187594,8.979128520744066e+32,2,3.800666879180808e+31,False
N,1.5099838867187594,6.53873185779097e+32,2,4.088349163016722e+32,False
N,1.5199838867187594,5.994121849707439e+32,2,-6.807859099165394e+32,False
N,1.5299838867187594,-6.168570686040989e+30,2,5.003409121722559e+32,False
N,1.5399838867187594,9.611334076977283e+31,2,-1.4790932187800056e+32,False
N,1.5499838867187594,8.020572409639833e+31,2,-5.5132623377515615e+31,False
N,1.5599838867187594,3.7067239882766436e+31,2,9.821186133232833e+31,False
N,1.5699838867187594,8.721147328052263e+31,2,-6.808574156789203e+31,False
N,1.5799838867187594,4.991119373893319e+31,2,2.1078273024591976e+31,False
N,1.5899838867187595,3.2469522998855283e+31,2,1.841119333992176e+30,False
N,1.5999838867187595,2.1705485685384754e+31,2,-6.831294188776571e+30,False
N,1.6099838867187595,1.0423647455407972e+31,2,8.437805131105659e+30,False
N,1.6199838867187595,8.460831001554874e+30,2,-8.206489415857061e+30,False
N,1.6299838867187595,1.698350919539539e+30,2,6.017690821735071e+30,False
N,1.6399838867187595,2.6888444947941537e+30,2,-3.1626446147438206e+30,False
N,1.6499838867187595,1.4173352073266327e+30,2,1.3476691324888258e+30,False
N,1.6599838867187595,1.4073776621310494e+30,2,-4.755178156037742e+29,False
N,1.6699838867187595,7.451899007247069e+29,2,-1.750278022516758e+29,False
N,1.6799838867187595,1.6566819608109482e+29,2,3.490183719155766e+29,False
N,1.6899838867187595,1.992801590072435e+29,2,-1.4988973230694138e+29,False
N,1.6999838867187596,1.218979246336697e+29,2,-1.057134022138409e+28,False
N,1.7099838867187596,4.890838390783632e+28,2,3.553914210466627e+28,False
N,1.7199838867187593,3.5874789752504335e+28,2,-2.073393731956321e+28,False
N,1.7299838867187596,1.5108715737428173e+28,2,7.7227731095381e+27,False
N,1.7399838867187594,8.904908707353385e+27,2,-2.493867873409728e+27,False
N,1.7499838867187596,5.137664864637401e+27,2,1.5301858842581757e+27,False
N,1.7599838867187594,3.5974684264781127e+27,2,-1.7199743526405079e+27,False
N,1.7699838867187594,1.0277843844554962e+27,2,8.502504765649377e+26,False
N,1.7799838867187594,3.0617381008067144e+26,2,-1.0173644831076345e+26,False
N,1.7899838867187594,1.2444773895285422e+26,2,-7.387914364961602e+25,False
N,1.7999838867187594,9.01700301489862e+25,2,1.1850566207954376e+26,False
N,1.8099838867187594,1.1623867635915386e+26,2,-1.9559421872649253e+26,False
N,1.8199838867187594,-2.238905801110764e+25,2,1.5752354611319377e+26,False
N,1.8299838867187594,2.2337335636448105e+25,2,-7.485665678774103e+25,False
N,1.8399838867187595,-2.0037022661765627e+24,2,1.4307036650130706e+25,False
N,1.8499838867187595,-3.1645227740606953e+24,2,1.3468448499866238e+25,False
N,1.8599838867187595,6.631790844189057e+24,2,-1.745408203846284e+25,False
N,1.8699838867187595,-3.466356992777321e+24,2,8.794600092113771e+24,False
N,1.8799838867187595,-2.1283831798557877e+24,2,-1.6939330131859422e+24,False
N,1.8899838867187595,-5.6601815626528436e+23,2,6.316989343707602e+23,False
N,1.8999838867187595,2.3429464713489145e+23,2,-1.346542478509129e+24,False
N,1.9099838867187595,-6.521992712705633e+23,2,8.700556446663669e+23,False
N,1.9199838867187595,-2.9837187762839555e+23,2,-4.566987313934499e+22,False
N,1.9299838867187593,-4.4674736715709814e+21,2,-1.7998670483255413e+23,False
N,1.9399838867187595,-7.776882872107209e+22,2,2.827522866826456e+22,False
N,1.9499838867187593,-1.0661641852196842e+23,2,6.327649891421055e+22,False
N,1.9599838867187596,-4.032865423874136e+22,2,-4.515179124113282e+22,False
N,1.9699838867187593,-1.9550510445696794e+22,2,2.4199468317370416e+22,False
N,1.9799838867187596,3.405468358298248e+21,2,-9.314610966307206e+21,False
N,1.9899838867187594,-6.351579696981396e+21,2,-1.3344859504846318e+22,False
N,1.9999838867187596,-2.109402394889651e+22,2,1.932578931776451e+22,False
N,2.0099838867187594,-6.36340699978671e+21,2,-6.82767815382089e+21,False
N,2.0199838867187596,-1.0396017460483534e+21,2,-8.58622952504921e+20,False
N,2.0299838867187594,-1.386075471547492e+21,2,-1.5416664796582433e+19,False
N,2.0399838867187596,-2.0159587705452086e+21,2,7.566987181325685e+20,False
N,2.0499838867187594,-1.0437832627271434e+21,2,1.2114824700852124e+20,False
N,2.0599838867187596,-1.779815819829883e+20,2,-4.3401371404180364e+20,False
N,2.0699838867187594,-1.8069506761107485e+20,2,1.4727188830736479e+20,False
N,2.0799838867187592,-1.4088428226724774e+20,2,2.7286397505524736e+19,False
N,2.0899838867187595,-7.841129621568617e+19,2,-3.588328812915032e+19,False
N,2.0999838867187597,-6.040835748471542e+19,2,4.267785263158693e+19,False
N,2.1099838867187595,-3.755950683365815e+19,2,-5.910372742953042e+19,False
N,2.1199838867187593,-5.940030652773644e+19,2,4.885025123265735e+19,False
N,2.1299838867187595,-1.8250724548550152e+19,2,-1.1177590698707726e+19,False
N,2.1399838867187597,-3.837499171259388e+18,2,-1.4291291344779405e+19,False
N,2.1499838867187595,-1.0192631568640393e+19,2,1.524974776362369e+19,False
N,2.1599838867187593,-2.7189300033318963e+18,2,-8.263148174761382e+18,False
N,2.1699838867187595,-3.937757896511561e+18,2,2.5345218549870356e+18,False
N,2.1799838867187598,-1.990547246153849e+18,2,1.7101419497993464e+18,False
N,2.1899838867187595,-2.1768767559830678e+17,2,-3.7083164215072957e+18,False
N,2.1999838867187593,-1.9513953036273475e+18,2,3.123684013797126e+18,False
N,2.2099838867187596,-2.5486104567017434e+17,2,-1.4803403322947284e+18,False
N,2.2199838867187593,-1.721491428465554e+17,2,5.0187247319574816e+17,False
N,2.2299838867187596,1.3906920815929846e+16,2,-2.583455312682786e+17,False
N,2.2399838867187594,-1.0033757538648187e+17,2,1.1348496211071955e+17,False
N,2.2499838867187596,-2.8103749659248504e+16,2,5.246195316543466e+16,False
N,2.2599838867187594,5.773769468080567e+16,2,-9.45069306148828e+16,False
N,2.2699838867187596,5576241869807425.0,2,4.822209022459992e+16,False
N,2.2799838867187594,-166717310557513.8,2,-1.4439138865055092e+16,False
N,2.2899838867187596,-6079469222341305.0,2,8166500028779784.0,False
N,2.2999838867187594,-427436023734494.44,2,-3920144385701724.0,False
N,2.3099838867187596,211991140603416.12,2,161479909856632.88,False
N,2.3199838867187594,-51547687777327.055,2,471412142831272.1,False
N,2.3299838867187592,57752404672929.43,2,-256194338045056.5,False
N,2.3399838867187595,-49259337356956.875,2,131978385135809.97,False
N,2.3499838867187597,1783518948708.398,2,-33232547231915.914,False
N,2.3599838867187595,11598566262117.44,2,-12707377374890.682,False
N,2.3699838867187593,-875132073179.8582,2,13681048562022.555,False
N,2.3799838867187595,2127674566228.6636,2,-5006588309839.865,False
N,2.3899838867187597,954159834273.3328,2,722738348645.3557,False
N,2.3999838867187595,619711787537.9874,2,665382938780.337,False
N,2.4099838867187593,768403026220.7836,2,-842977182812.2834,False
N,2.4199838867187595,9420786006.33047,2,422001374498.61725,False
N,2.4299838867187598,-90635429252.28775,2,-64834228605.52967,False
N,2.4399838867187595,-65616944407.21303,2,5817013996.727573,False
N,2.4499838867187593,-17817666024.10976,2,-7759985595.405703,False
N,2.4599838867187596,-6979454015.342809,2,-22740483829.67997,False
N,2.46998388671876,-15390037659.61209,2,43523136178.02221,False
N,2.4799838867187596,5557070825.613208,2,-75879229640.34264,False
N,2.4899838867187594,-1080326693.9852095,2,117790750029.65456,False
N,2.4999838867187596,63345702798.558525,2,-118331244973.1285,False
N,2.5099838867187594,-2202154370.5614595,2,72607217103.99258,False
N,2.5199838867187596,8298041612.004579,2,-30594155207.960297,False
N,2.5299838867187594,-2059985792.0089355,2,9190117849.422394,False
N,2.539983886718759,2532573151.472578,2,4074733801.3528547,False
N,2.5499838867187594,7034683201.102095,2,-9341671461.951656,False
N,2.5599838867187596,696171236.6453484,2,6662136759.154153,False
N,2.5699838867187594,1506129067.097961,2,-2838653317.7198935,False
N,2.5799838867187592,142884658.9755009,2,905251914.9372084,False
N,2.5899838867187595,-53177308.76160223,2,-229239121.36328083,False
N,2.5999838867187597,-111535351.02742204,2,117616097.39654213,False
N,2.6099838867187595,-19686.987283613886,2,-82897221.46607813,False
N,2.6199838867187593,-246968.23744869677,2,16049579.535887986,False
N,2.6299838867187595,-1923694.4258629633,2,2146619.849447264,False
N,2.6399838867187597,-229542.0486247648,2,80201.42934074317,False
N,2.6499838867187595,480112.76534279267,2,-1811688.760934474,False
N,2.6599838867187593,-446086.6490245694,2,23763093.07865173,False
N,2.6699838867187595,525731.0831121594,2,-104313652.84481075,False
N,2.6799838867187598,244532.8108884336,2,199498044.2912411,False
N,2.6899838867187595,131452939.32964654,2,-229663521.11365503,False
N,2.6999838867187593,36905308.31207093,2,243117536.41517305,False
N,2.7099838867187596,66356000.055635,2,-270871579.8792256,False
N,2.71998388671876,-101421749.1993292,2,218253118.3081595,False
N,2.7299838867187596,69391.22140743132,2,-95644183.70498389,False
N,2.7399838867187594,-178632.8493826429,2,19227274.456951026,False
N,2.7499838867187596,-1160550.5714266887,2,539683.7929170069,False
N,2.7599838867187594,-3722868.326855107,2,-37037558.29982298,False
N,2.7699838867187596,4799777.0215047095,2,105387558.37697831,False
N,2.7799838867187594,53822720.88763042,2,-139270776.58630508,False
N,2.789983886718759,-32714078.836633172,2,106592279.0388898,False
N,2.7999838867187594,-4020691.51970408,2,-50616015.51400751,False
N,2.8099838867187596,-18081873.308093637,2,-7285555.754660742,False
N,2.8199838867187594,-2103392.8930675746,2,61470640.353365675,False
N,2.8299838867187592,43791875.40530892,2,-75729277.24478462,False
N,2.8399838867187595,2850617.1102067097,2,49336617.58703439,False
N,2.8499838867187597,10512919.708226858,2,-15658550.51165542,False
N,2.8599838867187595,36609.180692810725,2,-31678649.685546268,False
N,2.8699838867187593,-1483044.4741432064,2,74676728.93632802,False
N,2.8799838867187595,32935369.688967284,2,-20909060.31583828,False
N,2.8899838867187597,-59912494.55100862,2,-67405289.62780087,False
N,2.8999838867187595,-185356366.96341693,2,30229726.8565521,False
N,2.9099838867187593,-116305722.76094654,2,-65159521.70434129,False
N,2.9199838867187595,102318479.63356549,2,358075101.1274009,False
N,2.9299838867187598,334962159.72644657,2,-532087183.4124034,False
N,2.9399838867187595,-35519015.27285909,2,324194021.4183514,False
N,2.9499838867187593,40590976.31261447,2,-40536921.62394871,False
N,2.9599838867187596,87345410.15293449,2,-128488722.38389266,False
N,2.96998388671876,48298944.42137806,2,373522092.81324273,False
N,2.9799838867187596,43286090.05073987,2,-580137992.4854031,False
N,2.9899838867187594,-402511123.57002366,2,340875930.5630089,False
N,2.9999838867187596,-117430591.71633789,2,89473423.07978064,False
N,3.00998388671876,235841910.7595718,2,-168042371.89609763,False
N,3.0199838867187596,205528312.80673385,2,101529441.24457082,False
N,3.0299838867187594,87598785.6541142,2,-217882885.41128936,False
N,3.039983886718759,-82482488.56596954,2,305009791.4109045,False
N,3.0499838867187594,79419330.64957686,2,-197862991.43428484,False
N,3.0599838867187596,-1187570.2931121557,2,20307802.238447674,False
N,3.0699838867187594,-27362910.619434427,2,152478829.58766824,False
N,3.0799838867187592,-17912263.79202931,2,-282627981.2817659,False
N,3.0899838867187595,-185540244.08009154,2,254534337.6446777,False
N,3.0999838867187597,-21977529.03336164,2,-89566501.62877268,False
N,3.1099838867187595,6251252.8272785945,2,-34838843.89808795,False
N,3.1199838867187593,-14966452.12212734,2,59259053.75959398,False
N,3.1299838867187595,15269867.618753266,2,-47613378.56190113,False
N,3.1399838867187597,3840725.28601465,2,36674899.89336215,False
N,3.1499838867187595,19160958.40907649,2,-22407670.208014928,False
N,3.1599838867187593,5499457.4392771,2,985735.654481325,False
N,3.1699838867187595,3028565.110046357,2,13684242.9220725,False
N,3.1799838867187598,13378055.188816112,2,-11985269.07702364,False
N,3.1899838867187595,5549546.403908154,2,12152985.572045408,False
N,3.1999838867187593,-1978040.0230308077,2,-31899601.432035126,False
N,3.2099838867187596,-13160094.839170985,2,51504949.86266057,False
N,3.21998388671876,18531592.67177294,2,-45303622.790569976,False
N,3.2299838867187596,-1288773.9026689478,2,25206641.31672313,False
N,3.2399838867187594,1108701.0722416614,2,-13696359.447564173,False
N,3.2499838867187596,-4252131.464968589,2,11106480.589755595,False
N,3.25998388671876,186382.6283541082,2,-10275669.603980923,False
N,3.2699838867187596,-2662455.986394327,2,9318393.509189034,False
N,3.2799838867187594,2109183.4094577027,2,-7672740.462148131,False
N,3.289983886718759,-250356.03202807085,2,5665346.146963978,False
N,3.2999838867187594,1758142.329734429,2,-3843675.726088336,False
N,3.3099838867187596,-151674.14903316385,2,2373889.2719575847,False
N,3.3199838867187594,-59650.514689780975,2,-1667842.5943467834,False
N,3.3299838867187592,-901178.5727049382,2,1239288.7187241642,False
N,3.3399838867187595,-223861.25591322753,2,-567370.818884186,False
N,3.3499838867187597,-194568.19059501743,2,91241.98629489227,False
N,3.3599838867187595,-163703.38413146735,2,-71390.23582902452,False
N,3.3699838867187593,-69430.13830964353,2,248423.23440407234,False
N,3.37998388671876,109780.8684468345,2,-296600.93294701044,False
N,3.3899838867187597,-73189.83389635316,2,163679.68970532168,False
N,3.3999838867187595,-43571.100559792576,2,-95959.22284244293,False
N,3.4099838867187593,15693.230367601058,2,165512.977764769,False
N,3.419983886718759,146022.47616051376,2,-166414.91211376517,False
N,3.4299838867187598,37443.772402575116,2,45726.160268552725,False
N,3.4399838867187595,21669.939574972486,2,32610.81762940948,False
N,3.4499838867187593,73610.01037385987,2,-17453.354766986253,False
N,3.459983886718759,85726.19132167434,2,4169.481604649919,False
N,3.46998388671876,63698.768543592865,2,-14076.229409530726,False
N,3.4799838867187596,21705.979165614808,2,1219.6947620128399,False
N,3.4899838867187594,7440.900942461428,2,23541.500179491944,False
N,3.499983886718759,17654.07580039152,2,-35703.673991581265,False
N,3.50998388671876,5471.678409278473,2,40241.8212183991,False
N,3.5199838867187596,21644.517259561908,2,-34370.45469380916,False
N,3.5299838867187594,325.990712760078,2,17925.753162114233,False
N,3.539983886718759,523.0143118645203,2,-4925.48615787595,False
N,3.54998388671876,-126.707381514915,2,-1545.5765416490308,False
N,3.5599838867187596,2199.838185535335,2,5378.394676841086,False
N,3.5699838867187594,7958.05460997684,2,-3301.7252421488142,False
N,3.5799838867187592,4962.277282924991,2,-115.57505455998034,False
N,3.58998388671876,656.1414506955139,2,-8063.805819969626,False
N,3.5999838867187597,2302.2307619115836,2,24485.175033757783,False
N,3.6099838867187595,16288.626940143942,2,-31627.302955448467,False
N,3.6199838867187593,-253.92513590687446,2,24577.352682984514,False
N,3.62998388671876,7459.032770136197,2,-12608.99585793339,False
N,3.6399838867187597,2101.8545196359187,2,2499.158699725246,False
N,3.6499838867187595,1702.9056968478549,2,2169.2644335418895,False
N,3.6599838867187593,3990.5884613200133,2,4437.011708295186,False
N,3.669983886718759,1388.29374624433,2,-23101.589551802903,False
N,3.6799838867187598,-5970.012140291996,2,39193.1553549028,False
N,3.6899838867187595,16382.28273446462,2,-36227.68625146201,False
N,3.6999838867187593,-1365.1013828832995,2,18169.658278210674,False
N,3.709983886718759,1859.5961975325279,2,429.70729189648273,False
N,3.71998388671876,644.059100074039,2,-10254.995783683806,False
N,3.7299838867187596,-7890.156447139104,2,4523.986038725458,False
N,3.7399838867187594,-1509.3778608506188,2,13036.465624223965,False
N,3.749983886718759,5602.209095229564,2,-23543.72324394642,False
N,3.75998388671876,-10013.523457221949,2,16710.114848343797,False
N,3.7699838867187596,-2869.8517657982193,2,-4249.571651524603,False
N,3.7799838867187594,202.4600889594959,2,-1364.2418230316293,False
N,3.789983886718759,315.849283624534,2,1769.5170376583014,False
N,3.79998388671876,1028.5243427372047,2,1333.9158916532162,False
N,3.8099838867187596,159.01420061501256,2,-13572.410575770944,False
N,3.8199838867187594,403.27042730246876,2,29820.995326364868,False
N,3.8299838867187592,17338.162578490388,2,-31837.362241184677,False
N,3.83998388671876,-2012.9852591097874,2,17662.57018324836,False
N,3.8499838867187597,-254.4225095767666,2,-4238.124523760351,False
N,3.8599838867187595,-642.145554887442,2,-1047.1141446918116,False
N,3.8699838867187593,-1108.4766354267142,2,2566.8143873592976,False
N,3.87998388671876,309.189007450404,2,-2798.2273551631224,False
N,3.8899838867187597,-814.3017367320817,2,2128.0232928639966,False
N,3.8999838867187595,109.02647658463935,2,-1406.655293479796,False
N,3.9099838867187593,-109.08668398455028,2,1161.2523912154106,False
N,3.919983886718759,335.00253141528503,2,-1092.323784831985,False
N,3.9299838867187598,-203.0898069996412,2,775.1486745681773,False
N,3.9399838867187595,151.7390386406267,2,-531.2506229476081,False
N,3.9499838867187593,240.13576486787716,2,767.1593423400916,False
N,3.959983886718759,519.1830742847953,2,-1084.1819280045288,False
N,3.96998388671876,-125.10406212068605,2,953.1361246881993,False
N,3.9799838867187596,225.17764906516396,2,-419.72492906007597,False
N,3.9899838867187594,14.728255654700991,2,-276.0701578107727,False
N,3.999983886718759,-66.13869201189867,2,816.95324152027,False
N,4.00998388671876,400.1542845729064,2,-1170.7950183905439,False
N,4.01998388671876,-97.97235478061324,2,2195.8238595041194,False
N,4.029983886718759,-99.5357198378367,2,-3791.6705552095136,False
N,4.039983886718759,-2195.760600283056,2,3963.299799911706,False
N,4.04998388671876,144.8636913052379,2,-2265.9874689791513,False
N,4.05998388671876,-173.4400118027241,2,643.2627739787144,False
N,4.069983886718759,-93.93793101774874,2,-115.40089632404812,False
N,4.079983886718759,-3.310156306586451,2,133.18954750560812,False
N,4.08998388671876,127.9259976803559,2,-149.43927620681623,False
N,4.09998388671876,53.01061366472628,2,78.97409498958262,False
N,4.1099838867187595,48.07845677387617,2,0.6587253284410644,True
N,4.119983886718759,15.523317299963066,2,-39.89882063000455,False
N,4.12998388671876,-42.157419362553775,2,3.1327207511589528,False
N,4.13998388671876,-18.41042074626697,2,56.079862562800415,False
N,4.1499838867187595,57.98066890915171,2,-35.40863013011926,False
N,4.159983886718759,41.69155316390508,2,-34.51558391208446,False
N,4.169983886718759,7.336458754872955,2,68.61656648339851,False
N,4.17998388671876,37.01635481489666,2,-59.23048852329738,False
N,4.1899838867187595,13.225449400272165,2,32.013371024002545,False
N,4.199983886718759,30.550588391141204,2,-4.1970342881422695,False
N,4.209983886718759,40.28832435170694,2,-6.438314303396533,False
N,4.21998388671876,42.52514267424921,2,-25.33641169442369,False
N,4.22998388671876,60.955255850270916,2,92.32162459541377,False
N,4.239983886718759,104.25071765011884,2,-114.81328342874517,False
N,4.249983886718759,14.042952956441507,2,66.11028647558264,False
N,4.25998388671876,18.8525053366717,2,-50.62106678084585,False
N,4.26998388671876,45.209336470555364,2,105.30519658912212,False
N,4.279983886718759,114.3145450036475,2,-139.42036385979748,False
N,4.289983886718759,38.31396586223699,2,118.64988664575083,False
N,4.29998388671876,52.129349788079416,2,-93.96590023749744,False
N,4.30998388671876,-23.063819820387796,2,150.67616741589464,False
N,4.319983886718759,-67.9370070335404,2,-287.90275997147654,False
N,4.329983886718759,-228.804024815552,2,317.5677807498066,False
N,4.33998388671876,-13.564030529026226,2,-169.8728679372483,False
N,4.34998388671876,-19.118085763855774,2,36.7140267542786,False
N,4.3599838867187595,-25.962471838383,2,-25.491214878990576,False
N,4.369983886718759,-17.425897422889538,2,91.54279198436112,False
N,4.37998388671876,40.61466198607535,2,-260.985852011672,False
N,4.38998388671876,46.78667479175131,2,477.67257834002146,False
N,4.3999838867187595,313.4788052033336,2,-475.2610178337837,False
N,4.409983886718759,0.9258011659409033,2,223.08282194032716,False
N,4.41998388671876,-16.756035599256055,2,1.0919171951575681,False
N,4.42998388671876,-3.1349565977367853,2,-104.3962652130847,False
N,4.4399838867187595,-20.966834919668152,2,139.6981433987042,False
N,4.449983886718759,74.35633793104105,2,-52.45524109872552,False
N,4.459983886718759,8.42886075823173,2,-140.30838967460306,False
N,1.3699838867187595,6.202642709036153e+36,3,-1.2545380175017457e+38,False
N,1.3799838867187595,-4.7771996769145875e+37,3,1.7382550459071412e+38,False
N,1.3899838867187595,9.177560439293961e+37,3,-1.0524746958906547e+38,False
N,1.3999838867187595,8.211575239001304e+37,3,3.997616474283546e+37,False
N,1.4099838867187595,5.830018953281624e+37,3,-2.0792813749965899e+37,False
N,1.4199838867187595,1.6772767137194602e+36,3,-1.5535564023698045e+37,False
N,1.4299838867187595,-2.0251018136265813e+37,3,4.048534062851326e+37,False
N,1.4399838867187595,2.1413997452717703e+37,3,-8.879432971004754e+36,False
N,1.4499838867187596,2.3754356347184846e+37,3,-2.7420170712100248e+37,False
N,1.4599838867187596,-5.052524418612424e+36,3,2.5105711317621567e+37,False
N,1.4699838867187593,9.895585312864326e+35,3,-6.919803210007455e+36,False
N,1.4799838867187596,1.1745706419490595e+36,3,-1.8556223189137056e+36,False
N,1.4899838867187594,-1.2714926667204133e+36,3,1.914062755283488e+36,False
N,1.4999838867187594,-7.094252600261064e+35,3,-3.906385441432514e+35,False
N,1.5099838867187594,-2.2054420196262607e+35,3,1.9657179805156397e+34,False
N,1.5199838867187594,-1.2231322351413597e+35,3,-2.7978396787065323e+35,False
N,1.5299838867187594,-3.1217398751386477e+35,3,2.8045547815036484e+35,False
N,1.5399838867187594,-1.4960300981316833e+35,3,-2.447214130631877e+34,False
N,1.5499838867187594,-1.3481546650544889e+35,3,-2.398272667580047e+35,False
N,1.5599838867187594,-2.26032325023966e+35,3,3.2748141598413363e+35,False
N,1.5699838867187594,1.3686808020251041e+34,3,-2.083506898152084e+35,False
N,1.5799838867187594,-2.251991370962458e+34,3,4.746797813443136e+34,False
N,1.5899838867187595,-2.0428080371415633e+34,3,2.4817139312105297e+34,False
N,1.5999838867187595,5.168835164808873e+33,3,-2.687595855496771e+34,False
N,1.6099838867187595,-4.732653876678169e+33,3,1.2246111244548467e+34,False
N,1.6199838867187595,-4.4432123046302015e+33,3,-5.767922577363866e+33,False
N,1.6299838867187595,-4.8364342906332755e+33,3,6.465578025450026e+33,False
N,1.6399838867187595,1.2782409818474616e+32,3,-5.974139663989181e+33,False
N,1.6499838867187595,-1.2040905650290052e+33,3,3.6707623007400475e+33,False
N,1.6599838867187595,6.138390858477545e+32,3,-1.41099850925978e+33,False
N,1.6699838867187595,2.8246322597737316e+32,3,-5.491004446704733e+31,False
N,1.6799838867187595,-2.179613559974479e+32,3,3.91284615557881e+32,False
N,1.6899838867187595,-9.376231351233492e+31,3,-1.6246195798404026e+32,False
N,1.6999838867187596,-6.7312008883526205e+31,3,2.8957790960521904e+31,False
N,1.7099838867187596,-2.931981996058567e+31,3,6.045352499265984e+30,False
N,1.7199838867187593,-1.3603888030644488e+31,3,-3.3328850970521325e+31,False
N,1.7299838867187596,-2.33443720552697e+31,3,3.897364834601356e+31,False
N,1.7399838867187594,5.188666325131712e+30,3,-2.2044168430678545e+31,False
N,1.7499838867187596,2.662156968184878e+30,3,5.6871353000042e+30,False
N,1.7599838867187594,5.2191130562842215e+29,3,-1.5776401260048696e+30,False
N,1.7699838867187594,-1.2723882407567948e+30,3,2.083828257957374e+30,False
N,1.7799838867187594,-1.2437645912247853e+29,3,-1.1634935509552263e+30,False
N,1.7899838867187594,-2.6684610358211928e+29,3,8.577285359785712e+28,False
N,1.7999838867187594,-2.587783464667494e+29,3,3.328697604834154e+29,False
N,1.8099838867187594,3.3695915943698613e+28,3,-3.4580592730756525e+29,False
N,1.8199838867187594,-4.806681499246507e+28,3,2.3519302551849135e+29,False
N,1.8299838867187594,4.199592262180487e+28,3,-1.336304799021624e+29,False
N,1.8399838867187595,-2.0183012623102964e+28,3,4.145879531464616e+28,False
N,1.8499838867187595,-1.7642212332508506e+28,3,1.982217659395312e+28,False
N,1.8599838867187595,5.825402279585418e+27,3,-2.9884957564490475e+28,False
N,1.8699838867187595,-5.57464772162989e+27,3,1.670708961705562e+28,False
N,1.8799838867187595,-7.053394280502814e+26,3,-6.518571959003422e+27,False
N,1.8899838867187595,-8.078934756015848e+26,3,3.469874875610204e+27,False
N,1.8999838867187595,7.407636580941164e+26,3,-2.8013332943649475e+27,False
N,1.9099838867187595,-6.834321003020443e+26,3,1.589560968921123e+27,False
N,1.9199838867187595,-1.3243316618449192e+26,3,-3.3826059077656156e+26,False
N,1.9299838867187593,1.0591993680710281e+26,3,-7.091426281838277e+25,False
N,1.9399838867187595,4.526439031455961e+25,3,-2.9408484466378054e+25,False
N,1.9499838867187593,-2.8848463398179985e+25,3,1.124362460370762e+26,False
N,1.9599838867187596,1.5561301644650824e+25,3,-1.0066062287364367e+26,False
N,1.9699838867187593,-1.9548711667624245e+25,3,7.008137507952569e+25,False
N,1.9799838867187596,1.2374252690332679e+25,3,-3.1512726245325944e+25,False
N,1.9899838867187594,-1.4856333619885577e+24,3,-3.432012474252641e+24,False
N,1.9999838867187596,-1.2824531533791958e+25,3,1.2199545636823904e+25,False
N,2.0099838867187594,-1.2952946349310378e+24,3,-2.1084477229906734e+24,False
N,2.0199838867187596,4.90045857857532e+24,3,-2.803368045073539e+24,False
N,2.0299838867187594,2.2096172254862922e+24,3,-2.013436792071338e+22,False
N,2.0399838867187596,-9.231080386049216e+23,3,3.133551602196685e+23,False
N,2.0499838867187594,-8.753932917123344e+23,3,1.7352854181098053e+24,False
N,2.0599838867187596,1.0318924470185465e+24,3,-1.7836759919935464e+24,False
N,2.0699838867187594,4.148181786287305e+23,3,6.166718273383922e+23,False
N,2.0799838867187592,2.3810343300457703e+23,3,-2.6578769149351342e+22,False
N,2.0899838867187595,1.1306231691651795e+23,3,-1.0372103867599466e+23,False
N,2.0999838867187597,-2.3655219505884105e+21,3,1.6688111987270858e+23,False
N,2.1099838867187595,3.691249010643463e+22,3,-1.6668419091057403e+23,False
N,2.1199838867187593,-5.918437924688585e+22,3,9.398620007361147e+22,False
N,2.1299838867187595,-1.4623449146420862e+22,3,-6.684285073477876e+21,False
N,2.1399838867187597,1.263622900711603e+22,3,-2.6877326264285035e+22,False
N,2.1499838867187595,-5.438928010162363e+21,3,1.1473616314446419e+22,False
N,2.1599838867187593,-7.062745686184151e+21,3,3.9720680717965397e+21,False
N,2.1699838867187595,-1.8932493586285697e+21,3,-6.800507677252585e+21,False
N,2.1799838867187598,-2.1909663282474745e+21,3,7.379946676389022e+21,False
N,2.1899838867187595,1.013482571913904e+21,3,-8.177023621542482e+21,False
N,2.1999838867187593,-2.883663086998558e+21,3,6.360686861494625e+21,False
N,2.2099838867187596,2.2037672868625662e+20,3,-3.032215341110747e+21,False
N,2.2199838867187593,7.27807859098124e+19,3,1.0437881852446955e+21,False
N,2.2299838867187596,2.292477538516679e+20,3,-5.882454814755587e+20,False
N,2.2399838867187594,-1.3929584273500815e+20,3,3.665649451480633e+20,False
N,2.2499838867187596,1.6033487944737149e+19,3,-5.5076504388095615e+19,False
N,2.2599838867187594,9.260331587428853e+19,3,-6.57201709146972e+19,False
N,2.2699838867187596,3.565496011384294e+19,3,3.2569952236120576e+19,False
N,2.2799838867187594,7.844462471835784e+18,3,-8.255114102490929e+18,False
N,2.2899838867187596,-5.07843798324228e+18,3,1.1166123427314184e+19,False
N,2.2999838867187594,1.1494084938781011e+18,3,-7.818640684121422e+18,False
N,2.3099838867187596,-2.2612228970059254e+17,3,2.0346688171543626e+18,False
N,2.3199838867187594,2.031209884236022e+16,3,3.543590392474194e+16,False
N,2.3299838867187592,1.8167661331738525e+17,3,-5.4476908344745446e+17,False
N,2.3399838867187595,-1.7342836854920877e+17,3,4.441920493300227e+17,False
N,2.3499838867187597,1.1848378433221196e+16,3,-1.6635530012826445e+17,False
N,2.3599838867187595,1.399442623492537e+16,3,5689629625984650.0,False
N,2.3699838867187593,-5714010414103130.0,3,1.895756333043149e+16,False
N,2.3799838867187595,656125206284911.0,3,-5897535479160062.0,False
N,2.3899838867187597,1832509562302701.2,3,-421970525936221.25,False
N,2.3999838867187595,1082818848816380.9,3,894472060163717.8,False
N,2.4099838867187593,829516114384653.0,3,-591025983688763.9,False
N,2.4199838867187595,118028105641457.34,3,376342548936448.1,False
N,2.4299838867187598,-16422371721723.371,3,-222642822471809.88,False
N,2.4399838867187595,-94972355088447.05,3,226838707336835.3,False
N,2.4499838867187593,62936568701377.15,3,-173367021355349.78,False
N,2.4599838867187596,3701328520629.5083,3,51824918251962.22,False
N,2.46998388671876,589612975991.8324,3,28354194383327.395,False
N,2.4799838867187596,13537742275848.652,3,-88924694038424.47,False
N,2.4899838867187594,100177742060.52586,3,133216406410486.75,False
N,2.4999838867187596,85574688109928.39,3,-115579070324306.58,False
N,2.5099838867187594,29454185297646.695,3,60441240963339.09,False
N,2.5199838867187596,24725162869223.953,3,-25147932772429.758,False
N,2.5299838867187594,4393274088643.311,3,6039943498963.935,False
N,2.539983886718759,4130777699897.1396,3,10429936581313.666,False
N,2.5499838867187594,11388941292408.436,3,-14249962961778.113,False
N,2.5599838867187596,1637702294814.4487,3,7270115683100.477,False
N,2.5699838867187594,945287462848.676,3,-1503493839002.3467,False
N,2.5799838867187592,478435108672.17365,3,365720227977.9749,False
N,2.5899838867187595,123089199476.42212,3,-838611734466.5225,False
N,2.5999838867187597,-536563676530.75507,3,878045678901.3683,False
N,2.6099838867187595,-23772942257.34186,3,-428808801804.7501,False
N,2.6199838867187593,-894438526.2635677,3,70290525163.17725,False
N,2.6299838867187595,-1116350667.1757364,3,2842283924.743699,False
N,2.6399838867187597,-1312019344.9651668,3,2339770892.6429873,False
N,2.6499838867187595,-296789580.68636864,3,-3191855526.5143666,False
N,2.6599838867187593,-1774307203.0993679,3,73275276225.63647,False
N,2.6699838867187595,-297893492.81178415,3,-335405145338.02466,False
N,2.6799838867187598,-421678341.3650332,3,640102416655.0872,False
N,2.6899838867187595,422951057102.5846,3,-667803519583.1985,False
N,2.6999838867187593,112137008405.11795,3,494600328005.1604,False
N,2.7099838867187596,167287347777.5764,3,-355697690050.3292,False
N,2.71998388671876,-60433393422.62986,3,219664159845.23938,False
N,2.7299838867187596,-1245356661.0590522,3,-76495206849.75482,False
N,2.7399838867187594,-939496528.2132143,3,12329226418.556183,False
N,2.7499838867187596,-2892621668.101791,3,2259538988.9335504,False
N,2.7599838867187594,-7038635876.770561,3,-60010331572.19596,False
N,2.7699838867187596,4106820409.035465,3,167855460027.48428,False
N,2.7799838867187594,79003604045.47334,3,-215964301210.01733,False
N,2.789983886718759,-62974920251.573616,3,150687038121.35638,False
N,2.7999838867187594,-24409119741.590134,3,-57774810996.27716,False
N,2.8099838867187596,-25618900919.532986,3,-17080900184.00474,False
N,2.8199838867187594,-541480787.6926169,3,88187613967.43985,False
N,2.8299838867187592,56619747166.6439,3,-113165626423.97488,False
N,2.8399838867187595,-11090188132.835598,3,64613254919.11896,False
N,2.8499838867187597,5747848453.1707535,3,39913756768.09226,False
N,2.8599838867187595,3933339735.729508,3,-205208551537.5061,False
N,2.8699838867187593,-44674354287.614296,3,360525265966.33044,False
N,2.8799838867187595,146326544175.71646,3,-396435402084.92175,False
N,2.8899838867187597,-53371078511.70566,3,452999454151.53284,False
N,2.8999838867187595,-27631631619.329567,3,-623032937780.5168,False
N,2.9099838867187593,-292489232558.15656,3,479848547878.3395,False
N,2.9199838867187595,221849018028.45712,3,137655720504.0761,False
N,2.9299838867187598,432805409581.69855,3,-563715450638.3783,False
N,2.9399838867187595,-15477091102.66477,3,432359278384.28955,False
N,2.9499838867187593,73799483150.1719,3,-168201109691.15546,False
N,2.9599838867187596,67795396063.77963,3,-52377578492.65775,False
N,2.96998388671876,98188878216.23317,3,535371414868.9563,False
N,2.9799838867187596,51969468893.17811,3,-945742410305.5222,False
N,2.9899838867187594,-742827454868.1156,3,536639735188.5663,False
N,2.9999838867187596,-304892189065.0161,3,187710970453.7918,False
N,3.00998388671876,325904835437.337,3,-306055052070.1073,False
N,3.0199838867187596,308351464037.43,3,225347010335.86304,False
N,3.0299838867187594,126159641120.12651,3,-423286799673.1487,False
N,3.039983886718759,-248364902363.97656,3,466228909973.4439,False
N,3.0499838867187594,-2240586883.3707714,3,-178882171229.37964,False
N,3.0599838867187596,-21530782364.52835,3,-133232942469.96317,False
N,3.0699838867187594,-93970348351.23868,3,353264142613.28467,False
N,3.0799838867187592,17741338619.113754,3,-468033485472.2644,False
N,3.0899838867187595,-223457269804.2298,3,378692924060.4298,False
N,3.0999838867187597,-9405038105.694208,3,-136029823715.1912,False
N,3.1099838867187595,5080940263.043005,3,-56276887810.30374,False
N,3.1199838867187593,-25637112754.36961,3,113478764953.93295,False
N,3.1299838867187595,45803397889.8952,3,-95134594829.06168,False
N,3.1399838867187597,22104113486.020935,3,68455467335.97614,False
N,3.1499838867187595,42178311290.14512,3,-56267475647.113846,False
N,3.1599838867187593,10343335549.989157,3,70381552301.02853,False
N,3.1699838867187595,7053401520.715251,3,-110346908510.71936,False
N,3.1799838867187598,-48705258417.7567,3,120026746977.76547,False
N,3.1899838867187595,22874919045.42211,3,-63173943450.362076,False
N,3.1999838867187593,341377087.7132932,3,-6841285117.700699,False
N,3.2099838867187596,-18858079380.21598,3,31447593390.868973,False
N,3.21998388671876,2581055583.3345246,3,-18155927878.028397,False
N,3.2299838867187596,772278244.8939022,3,3242909191.5636864,False
N,3.2399838867187594,-676364458.9660273,3,-3037303604.756865,False
N,3.2499838867187596,402157810.19886583,3,13892819855.675776,False
N,3.25998388671876,4191313942.087141,3,-24418261098.19373,False
N,3.2699838867187596,-9332810250.8894,3,23488021496.57796,False
N,3.2799838867187594,2955407100.4489274,3,-13372140975.454853,False
N,3.289983886718759,821557332.8873296,3,5382947784.144148,False
N,3.2999838867187594,1599330230.284294,3,-2724403716.463088,False
N,3.3099838867187596,-42331829.15752625,3,1647154226.3957999,False
N,3.3199838867187594,198452831.97357225,3,-646421200.4946619,False
N,3.3299838867187592,-89917108.48018722,3,16025458.092533292,False
N,3.3399838867187595,-149600613.87125918,3,302410410.41777956,False
N,3.3499838867187597,68158508.28525233,3,-439107305.5894828,False
N,3.3599838867187595,-815645.1332064783,3,460560362.74299407,False
N,3.3699838867187593,280831389.6500384,3,-314163987.1304455,False
N,3.37998388671876,117340609.77399275,3,71699175.6773185,False
N,3.3899838867187597,43201722.19795807,3,104273224.640283,False
N,3.3999838867187595,38169220.9188588,3,-253241302.72808447,False
N,3.4099838867187593,-42542558.96484668,3,379763384.02355987,False
N,3.419983886718759,157379906.58853194,3,-323765950.10001826,False
N,3.4299838867187598,-24098485.804590113,3,84989848.99646461,False
N,3.4399838867187595,11218837.188286612,3,56801883.60659033,False
N,3.4499838867187593,179164425.01563594,3,46818894.6396115,False
N,3.459983886718759,223145897.22069374,3,-159326351.154733,False
N,3.46998388671876,54957245.080999956,3,110775891.01236965,False
N,3.4799838867187596,35692199.44606772,3,-33268477.633662377,False
N,3.4899838867187594,19786123.80898514,3,22830501.641550384,False
N,3.499983886718759,19671360.38063329,3,-51094697.31235242,False
N,3.50998388671876,6166364.287711876,3,83329840.61666036,False
N,3.5199838867187596,45458713.42204155,3,-79693059.2640961,False
N,3.5299838867187594,-7463075.43355061,3,38258636.614997886,False
N,3.539983886718759,-8830502.905268861,3,-6486766.63120259,False
N,3.54998388671876,-4253442.612925455,3,-892777.2501724504,False
N,3.5599838867187596,831678.5200466942,3,7079020.5218543,False
N,3.5699838867187594,2241280.4793784767,3,-14949571.483395144,False
N,3.5799838867187592,-8312033.341070116,3,15700529.730761686,False
N,3.58998388671876,-745353.0081841866,3,-23236913.52871228,False
N,3.5999838867187597,3697109.0500352057,3,45963192.16645039,False
N,3.6099838867187595,26647196.429041177,3,-58757453.552943185,False
N,3.6199838867187593,-6808672.424532697,3,44813024.941661075,False
N,3.62998388671876,7649648.785829971,3,-21290085.930659212,False
N,3.6399838867187597,1031312.8888692684,3,6669178.891924221,False
N,3.6499838867187595,-87371.10448447955,3,-5059338.896219653,False
N,3.6599838867187593,-1303453.5850659825,3,19313022.85864184,False
N,3.669983886718759,-372270.99392964476,3,-48475453.00110513,False
N,3.6799838867187598,-17563479.199667484,3,72832184.55522698,False
N,3.6899838867187595,20217083.653441936,3,-69524966.59947763,False
N,3.6999838867187593,-11425320.861197291,3,41209914.37145719,False
N,3.709983886718759,2618775.878863524,3,-7673474.249108056,False
N,3.71998388671876,-186750.05174814406,3,-12975865.124044426,False
N,3.7299838867187596,-12764128.897482943,3,10994321.177729975,False
N,3.7399838867187594,-4462542.716517969,3,2155093.2716160715,False
N,3.749983886718759,1086683.8749766794,3,-802290.514149362,False
N,3.75998388671876,-8063989.2307822425,3,-16987848.177350465,False
N,3.7699838867187596,-19247758.003494695,3,25249380.062290914,False
N,3.7799838867187594,2782.64032647467,3,-15104109.71648227,False
N,3.789983886718759,28549.77325274485,3,4092398.3949583713,False
N,3.79998388671876,540252.8306853956,3,-2481720.322932098,False
N,3.8099838867187596,-6264.688038131013,3,7385975.60430501,False
N,3.8199838867187594,144365.15010599798,3,-11742726.849702932,False
N,3.8299838867187592,-8843287.22576458,3,8137593.953088337,False
N,3.83998388671876,-4079595.264608364,3,68137.67944452446,False
N,3.8499838867187597,-406237.39167756715,3,-3862875.7403923,False
N,3.8599838867187595,-1570633.2899880926,3,2734353.933464494,False
N,3.8699838867187593,182882.17634761526,3,-1237113.241829602,False
N,3.87998388671876,935804.5197667752,3,1223594.1972917076,False
N,3.8899838867187597,1501583.2300432338,3,-656076.6636778035,False
N,3.8999838867187595,2942.323309855818,3,-2519292.6436531963,False
N,3.9099838867187593,-786554.4741912319,3,6042679.483734928,False
N,3.919983886718759,2621036.2918245397,3,-6315653.570291746,False
N,3.9299838867187598,-687718.0582349964,3,3562829.5701196278,False
N,3.9399838867187595,228450.56457083055,3,-656088.4873051281,False
N,3.9499838867187593,271589.59596505354,3,-729387.2920162576,False
N,3.959983886718759,-318496.7608291643,3,727717.4149756953,False
N,3.96998388671876,99221.54108070224,3,-176230.53318381103,False
N,3.9799838867187596,190676.6401589944,3,-79855.20364876263,False
N,3.9899838867187594,13007.256296042055,3,-187293.50852557726,False
N,3.999983886718759,-42824.508294702806,3,562382.6323140255,False
N,4.00998388671876,268835.6090307581,3,-725488.3839634737,False
N,4.01998388671876,-75427.01980649437,3,900928.2680340668,False
N,4.029983886718759,6199.880275856566,3,-1170052.238174927,False
N,4.039983886718759,-652174.8162594783,3,1076730.9873341776,False
N,4.04998388671876,-58576.02736499217,3,-582332.279705773,False
N,4.05998388671876,-83475.89245794457,3,179282.07086804815,False
N,4.069983886718759,592.1515847047043,3,-17858.739577003664,False
N,4.079983886718759,25039.692191657425,3,-37090.85236429247,False
N,4.08998388671876,915.7663055658161,3,45384.69774252663,False
N,4.09998388671876,11754.42292101057,3,-36603.91243906946,False
N,4.1099838867187595,-8970.391101254048,3,32200.730366131265,False
N,4.119983886718759,-5536.644579140405,3,-36405.15833141324,False
N,4.12998388671876,-19597.69664364431,3,39789.81706536086,False
N,4.13998388671876,3022.0854579425963,3,-30469.105800033954,False
N,4.1499838867187595,-6103.623626446611,3,12809.377385962674,False
N,4.159983886718759,735.7950385110042,3,3402.2596411724235,False
N,4.169983886718759,4573.269875324508,3,-10011.79212439081,False
N,4.17998388671876,-3379.696890534842,3,4509.15089740655,False
N,4.1899838867187595,-1319.4713835990465,3,4057.391989231683,False
N,4.199983886718759,3078.959175251769,3,-5445.365216407079,False
N,4.209983886718759,-283.10814677133334,3,-1683.349384388311,False
N,4.21998388671876,416.25994102399136,3,11257.716991735384,False
N,4.22998388671876,6247.441654368895,3,-15180.187940946042,False
N,4.239983886718759,-2570.8361722965356,3,-5594.262901594753,False
N,4.249983886718759,874.8038645890388,3,84010.36448263554,False
N,4.25998388671876,-888.7379079680406,3,-190251.90112805204,False
N,4.26998388671876,-103286.61564908494,3,216693.30644211208,False
N,4.279983886718759,24366.14889181101,3,-143866.71309030824,False
N,4.289983886718759,-2646.7403933299497,3,65697.50287423577,False
N,4.29998388671876,15716.984681492397,3,-29400.28408717493,False
N,4.30998388671876,1057.878054478642,3,27744.772897736057,False
N,4.319983886718759,-9280.203338555562,3,-46803.48542690252,False
N,4.329983886718759,-38611.80408722907,3,47901.031826999664,False
N,4.33998388671876,-4441.232920178918,3,-16445.777967843405,False
N,4.34998388671876,716.5247335245214,3,-17698.95677797926,False
N,4.3599838867187595,-3258.002293624466,3,32447.00308806167,False
N,4.369983886718759,17236.561285372612,3,-21497.734291437475,False
N,4.37998388671876,3328.69654414289,3,-12573.521854402376,False
N,4.38998388671876,-1643.9911286878641,3,52319.02570156055,False
N,4.3999838867187595,18878.822221879895,3,-73269.4767800615,False
N,4.409983886718759,-20760.952009194778,3,62698.124826917236,False
N,4.41998388671876,5474.339222370016,3,-28213.767479640053,False
N,4.42998388671876,-4298.770070189943,3,-23482.982598152594,False
N,4.4399838867187595,-3696.1159431815668,3,82282.14629368267,False
N,4.449983886718759,32651.49059970524,3,-111508.07612367242,False
N,4.459983886718759,-31799.631981517963,3,91939.32766175696,False
